Date,Asset_A,Asset_B,Asset_C,Asset_D,Asset_E,Asset_F
2021-01-01,97.63167288085722,151.83494640178247,81.35421112280214,203.74541753950032,119.90276137671476,61.44919365289202
2021-01-04,98.12124346922806,151.88833808136073,79.749046315678,204.26345987636236,121.79618011267404,61.31356796160488
2021-01-05,96.64198908704796,151.61270546738783,81.66461811381572,,125.37082374178748,59.737493164419746
2021-01-06,95.97576669688894,150.8435026369596,80.79724896453679,203.21536664715123,126.88920721433921,60.55654617679746
2021-01-07,96.29814095248724,150.929800667674,81.09493791814435,204.8054727899687,127.90371130805867,58.96643198638437
2021-01-08,97.58213038282904,153.00455768459048,80.97951199263356,206.56679701673744,128.38773034526253,59.16414824560439
2021-01-11,96.35624021922925,151.2990766663593,79.97720893126416,203.7022199770832,129.74125291763133,60.05929334997238
2021-01-12,93.07330651928554,151.6671395779395,78.3466306802991,201.78011334663879,129.1368155488799,60.39946209693816
2021-01-13,93.3998042001341,149.2435788552484,76.35993861949775,199.89297729733278,128.70426687316743,62.511851506454406
2021-01-14,97.17816006767116,147.1375141386097,76.55735014310643,198.97152690568598,129.67770494495838,60.71845306734433
2021-01-18,96.96021925966187,147.18693984294927,74.8669802081564,200.73914772441276,128.85970147666941,60.69156025195069
2021-01-19,97.10602139796119,142.97704451208233,73.6535935465669,201.79157732165166,128.25573668830424,60.756004491468865
2021-01-20,99.77958849222303,147.510614863407,73.47162953213345,203.0887449078476,128.35870038980897,59.57967454400742
2021-01-21,100.74287254182764,144.98878824253197,70.62224342769905,207.37600662685537,130.67674469791325,58.596252920911084
2021-01-22,101.15117489698203,145.0175935000382,71.50394064517937,209.68479919088034,128.56109391138418,57.90030937578741
2021-01-25,101.90290513896952,147.6747894153679,68.97639629076063,209.40654235129935,130.1279550682402,56.99158084534254
2021-01-26,102.36693621892053,145.88148878411957,68.95152437689525,205.8553680663087,131.77758015272204,
2021-01-27,100.69873223511041,140.95938099934446,69.02221957492634,203.81365229931998,,56.47537199641954
2021-01-28,98.75306381959815,140.13135932026208,69.63451056351505,203.17661723612835,131.9282986845516,56.789862207805434
2021-01-29,101.62701712525208,138.40461787240127,69.64668183785113,205.86605543343316,128.68415223726458,57.38851009791002
2021-02-01,101.988631487249,133.7894324828262,71.8105080923488,205.9463475158531,129.8674682710403,57.93523232155703
2021-02-02,102.22335135054101,134.46819288452235,72.10096387643847,204.0839871914065,130.3366900526742,57.62516911797508
2021-02-03,102.16677941855609,134.9934805000091,73.29814169060415,202.00367884660818,132.40456629683538,57.91716359713694
2021-02-04,103.44550894572545,137.4145746438896,72.56135301186978,201.95445597714078,131.1191758265594,58.862773289749676
2021-02-05,107.46750824901031,135.21424637446458,72.75083625291677,204.81207385123213,132.719062592601,59.30327101238666
2021-02-08,108.39810056922698,132.07902724859153,74.4978422005195,209.86382296361037,134.92434664947578,61.004365499489964
2021-02-09,107.52860662554812,131.3788966328653,74.29182386591549,209.38396325255573,134.83939209916645,61.95192708030906
2021-02-10,107.3994633852726,131.30990433417816,74.56547939364569,209.4109428554088,135.7905414243723,63.598368066858384
2021-02-12,109.21074964396132,133.22968718104283,75.7221988919083,205.7652814508243,136.677185338609,61.27161242732685
2021-02-15,108.34339688507751,136.15521394160405,74.93972788075088,211.9151712475064,135.1023849408418,61.40948224465094
2021-02-16,109.81510079665937,138.74450310732885,72.569878515404,207.63129703901308,136.2867531128339,61.1602219229613
2021-02-17,106.08017274760695,139.43103241457226,72.906138653241,211.44650855894514,139.71265797750956,
2021-02-18,105.79925191605236,141.21470233546535,74.04566433731458,210.4569305900592,,60.40569005626341
2021-02-19,106.88074247045711,139.97096775125246,,208.73318364564884,,60.81300508100968
2021-02-22,109.00252648616407,140.43650109628473,73.39186185111296,205.4247515012985,135.61587442672467,59.21208165138134
2021-02-23,107.75149214453192,138.0393410128805,74.19583269425591,213.01534597615702,132.10458391596586,59.61777636368512
2021-02-24,105.40881574336304,138.27956824885175,71.72493013932628,213.89347497438996,,58.975354980645015
2021-02-25,105.08088602164926,138.57406230909407,70.77498153219342,214.13286595398694,136.4194651110932,58.57987855524609
2021-02-26,103.39105033327186,142.26455690956828,70.41137989772626,217.15235036903343,135.50265276522114,59.01205316420161
2021-03-01,103.24262731086844,141.88972637514902,70.27799539585476,215.2061244083142,132.72879166933083,59.128995338708016
2021-03-03,103.3149176106648,142.19488046019913,69.55082799560346,215.3842482209073,131.17594120899122,60.111057804847775
2021-03-04,101.35325911983,142.8140568672801,68.77498558444057,215.7385648512228,130.02498323604826,59.28497843186299
2021-03-05,,141.95398709590862,70.55434874909344,214.25381192373183,130.34238904106428,59.26063692184315
2021-03-08,102.49736809735484,140.35879463916206,70.49696076058787,218.2806204441875,130.59478275906702,60.09808434627701
2021-03-09,104.24053038545063,143.20557555516177,69.81838134464927,217.7393246314801,133.3270188464242,60.47177400374141
2021-03-10,101.43921429836855,141.2130473107375,69.83112025614238,212.8408472257248,132.04823636197747,60.90619801563481
2021-03-11,99.9726180512486,138.5132273863567,70.44956997062677,212.0485555891838,129.16657175701718,61.9672231401848
2021-03-12,100.82738789747381,140.0374242657471,70.56048546717997,213.01076409496358,127.02826086596092,61.63919117152525
2021-03-15,99.69946633532822,142.5815153289651,70.39919027531148,210.32631755927835,127.08601136639824,61.11818817913088
2021-03-16,99.53316414888619,141.73014044600586,69.7690999204339,207.92461776606828,125.79860833901658,61.695056265918595
2021-03-17,99.61383446094396,140.91649572766386,69.1319711036028,206.38724693472687,125.34823319595822,61.60612455187102
2021-03-18,99.92999280484986,141.62645457808858,68.56736159898571,210.33306871837064,124.59482717594483,62.692428642974605
2021-03-19,98.9942989976444,140.23599576718985,68.97068983699698,208.96435354553765,126.54518187272116,63.09031250819504
2021-03-22,99.2951722173534,138.7038210578281,67.99732708693917,213.6110427372107,125.53225282382716,62.55087391987597
2021-03-23,98.20906617544433,140.64482690859214,68.45284378893169,211.81152850653191,124.92214961101902,62.91840786797532
2021-03-25,99.28094025602411,142.03819049882705,69.95845870318537,213.01360384413806,126.3661564332935,62.11679620943214
2021-03-26,99.1893376746731,144.94534058626232,70.3562152412614,211.75817832384445,125.39633047016822,63.04879208680736
2021-03-29,99.4993588449592,142.33794274355242,70.02246062811616,214.3228340431842,126.29268671604153,61.777899641139435
2021-03-30,103.41454942444979,141.37902094735728,68.7150080161331,,127.02168333062683,62.95977134881555
2021-03-31,101.77992043891541,142.0884175324761,70.3965743518853,213.4179636323576,127.39341074795206,63.313173842525394
2021-04-01,103.98129126825367,140.22928823980948,69.21741309336575,213.95322463627545,125.32760611155364,63.207541222438195
2021-04-02,99.91663448063863,141.6912222591707,70.15381605697526,212.07046252187902,127.73973809069828,63.981834377590864
2021-04-05,96.88160178008371,144.40735886898983,70.88185607793942,211.71135888474322,132.09697337953762,64.52375409498761
2021-04-06,95.15617909212368,143.25926699541722,70.68682259221568,216.75174568032102,132.22014351342673,65.86299140933174
2021-04-07,93.55156753521501,143.45680420504638,70.46453500956409,217.37331763284553,130.2506817553924,67.22081797132478
2021-04-08,93.91225812712766,146.703845729713,68.58061851751502,215.25590148376466,130.41174201480067,67.62981340300693
2021-04-09,94.39568405656046,150.78060969980845,68.97502394092974,211.53834612585266,132.45241218768504,66.7995519192924
2021-04-12,94.11039018470316,152.58801969781481,69.67159546436169,213.31126256465132,131.33612774348518,66.31040318197674
2021-04-14,93.97410238786935,154.06834284910093,68.58916350152523,214.10855152831004,131.1872598500093,66.29218749624877
2021-04-15,94.79322496498716,152.21859092645062,68.48371986362935,216.51198648414578,131.9625518985765,67.42086670699976
2021-04-16,96.05381922212167,153.1605410309702,68.57740071123486,211.93635832718545,134.4494809095933,67.01325383871466
2021-04-19,94.21937519483191,154.56231418225127,69.2335897020796,,136.12087027030367,66.69198507535073
2021-04-20,93.78329357701442,154.19823455546583,69.29292608302003,212.13072884194048,137.8976586501499,68.59439125212778
2021-04-21,93.76042476999268,152.94589141699026,67.65797402216478,213.3547496004189,137.12625523824218,68.54195237168261
2021-04-22,94.51798461958637,150.12870990751736,67.17428266378765,215.23248747588582,138.0626608609168,67.94419948870834
2021-04-23,93.49813489124008,146.33556598103704,67.45435822993814,212.29665059714594,,68.79008373857917
2021-04-26,93.4478031964909,142.17696488801712,68.35979303019103,209.34258347036504,138.52078253686307,68.78719357518911
2021-04-27,93.56459001072422,143.5264572549851,67.78115820282429,212.6227472630408,141.023616845594,67.40842393034387
2021-04-28,92.65073983665775,143.95925983412036,70.0596047629755,216.10458610564203,142.30699571755397,68.51484633602232
2021-04-29,91.7126763663733,143.0296908560452,68.12476193023359,212.74960729009976,141.6365648621041,67.80190894912097
2021-04-30,91.92189010067138,142.43299323179235,67.60323263639002,208.83702341736333,141.31704595521828,67.90047827788281
2021-05-03,91.81570402998302,142.99660886463735,67.57311512229573,208.66391954458268,145.259472607397,67.88539848427124
2021-05-04,92.57843203015878,142.75802673525035,67.42369491930164,206.32892295976828,144.61151997212417,68.17401445084914
2021-05-05,91.18985916259183,140.00161225597338,66.2315000470982,203.95559291678504,147.00482797585525,65.98793893012126
2021-05-06,,142.03093608820507,66.72942357764562,200.29037350791947,147.86971235471458,65.70904142212757
2021-05-07,90.54362430231262,142.79249070771294,67.1542504985668,199.0432639501884,147.2468782167836,66.87028812990957
2021-05-10,91.7214120207098,143.47624929339932,67.25628612333142,195.754985404752,144.39474514547544,68.19309495833137
2021-05-11,90.50094796101997,145.3935856212225,67.64486993946389,192.69513657636193,144.96857068700825,67.23366204740086
2021-05-12,90.89189215300112,143.7354182535959,67.26899133187824,193.71177255003352,145.2826469798614,
2021-05-13,91.30920706170667,146.4672495259347,65.69083091087343,193.70635375099195,149.33574518140287,67.49132557019375
2021-05-14,93.63722282842136,,65.03723354768825,195.27018005516038,147.52835101999023,67.1661534508272
2021-05-17,92.29761683847892,148.34348967059856,65.24247926688929,190.59629036163992,152.72452509505885,66.89548960309232
2021-05-18,91.46153889741333,150.09642545152641,65.45394098697408,190.77701550763018,153.71450958841055,67.05818315624542
2021-05-20,90.24872823067557,147.8776959748522,65.54693047075442,196.86939615358617,154.7086486978063,68.11907693125751
2021-05-24,88.06049551268146,149.11151442938493,66.13886015548617,195.9275557827205,153.45611478928953,68.44392100827135
2021-05-25,90.46193199693055,149.9605732952769,65.61522618816157,198.50816368222573,154.30328378997584,68.36918186147437
2021-05-26,88.84967254360471,150.14872505694385,65.6939786230708,201.09673052970646,155.52162609140203,69.4158913710871
2021-05-27,87.83282525728815,150.05629706775133,66.31027956729346,203.8674370840489,157.83266336133264,68.63566224610054
2021-05-28,,149.983009760469,66.27889177698768,204.54018439872334,,68.61107272035682
2021-05-31,87.35117471912835,151.9313402591563,65.09582290899077,206.44062651568282,159.05160456471816,69.69078585263975
2021-06-01,88.4120786300723,153.36992611501663,64.20906641771569,208.77035116177254,160.0411016329279,70.29985496916738
2021-06-02,86.60888200007791,153.56274014110835,65.06065745194437,210.92730179983508,161.62925885098366,69.86437832335386
2021-06-03,88.29779166557113,150.24900329170558,66.47163329397455,207.56063363645572,161.22290124842633,68.33474306708295
2021-06-04,85.494498779652,151.48354694659213,67.69665541700797,202.41089506749665,159.1073118356893,68.70804708051054
2021-06-07,,153.24896714892805,67.98655546133199,197.85589024977978,159.4081629847137,
2021-06-08,82.69986939738426,158.65959836685306,66.81399208508589,197.21238377493842,159.98353610808942,66.97570959679558
2021-06-09,83.97157343622266,161.34594271348675,66.8610776857947,199.12709928820567,156.78683723661996,68.21370374872625
2021-06-10,83.99975649971985,156.87865339734628,68.48137747407887,195.9876277559553,158.77791735193642,68.8788814743501
2021-06-11,83.64395653928327,157.18871479763627,69.1714866197387,198.86071953257812,161.27833127521797,66.84317924208061
2021-06-14,85.39969865235169,161.58538146106008,69.01155087877113,197.52156606911433,159.64216754643166,67.09763602298374
2021-06-15,88.22887051786084,163.22599546475982,69.71749615307266,196.21963660691304,157.32116515318884,66.83008093040975
2021-06-16,89.1891411277936,164.16124490171006,68.44578431848583,193.91570315275868,156.7320885332172,65.60670544055978
2021-06-17,88.42721456800811,166.50931375778725,67.78630434966949,188.58849063376036,156.9136511308893,65.98888545696227
2021-06-18,87.94332798283568,165.08804471660756,66.73813347907227,189.38805150670464,156.41740148646275,65.55493807664728
2021-06-21,86.31402738762259,166.4040192935078,67.26159918621977,194.4049439631041,156.399606271059,65.12994471955184
2021-06-22,86.51360797571647,165.91195918305033,68.03588461620349,194.37773352048725,157.04431132679085,65.30323445091543
2021-06-23,84.46808933086605,165.99585218574452,67.9333279763349,189.13741194589448,153.9467639779722,64.74239277456624
2021-06-24,85.23488683035785,168.1914490674422,67.09815936826259,191.50260217274695,151.17580929718838,64.88715919316773
2021-06-25,87.86724789197251,165.98802393302697,67.13196097837672,186.98850860783855,145.12361183538945,64.36158142202197
2021-06-28,88.8833336486891,169.3276593374747,66.69569061365577,183.74696633349606,147.29149424292848,63.89322722005241
2021-06-29,88.32894911543893,168.38921506928716,65.95252984120803,183.23705516470153,147.442969597617,
2021-07-01,89.0977696933419,169.18231858942158,66.34065423227608,183.72128685769948,149.8783982110868,66.0134774520045
2021-07-02,91.33483664426278,165.76354668545926,65.63944125648892,181.08856816266456,147.44046570371412,64.37437510471078
2021-07-05,93.5595175780122,,64.14973799023392,180.48015750301394,,65.14725981699937
2021-07-06,92.22569863057774,171.4585249267394,62.9076889140859,182.5606309699592,148.20615327117974,66.5660931981944
2021-07-07,93.00541580505056,170.27209653325644,61.44515390479652,185.04029419838255,147.07582385578905,68.17437342833286
2021-07-08,92.85925571534395,167.57271325586441,61.7224361450298,188.66187440077573,143.76640941597387,68.7610613534309
2021-07-09,,168.40550707244086,61.911064944751224,194.21632142965873,147.64638734298293,67.72545321794392
2021-07-12,94.67350736279892,172.21520334356208,62.053943388197226,196.73110035907524,150.86349140597346,68.41961964948564
2021-07-13,91.38399860906004,168.60766535758754,62.650652543264414,196.24890304486144,150.11988765920168,67.58224661235585
2021-07-14,90.98006339703602,165.94457089582997,63.82092806740594,198.93549300048542,151.38891332093124,67.28863706306603
2021-07-15,91.32382023441839,164.94677218215605,63.30499981495204,200.48733775643308,150.40914544636115,67.72912411617736
2021-07-16,89.4320039644355,163.04903361086323,63.74162466412441,202.17053013541837,148.28370568314054,66.96572273040839
2021-07-19,90.28297900795343,,62.28230908205527,202.8696927954452,152.46662925579471,65.86775243242694
2021-07-20,,156.24681576514575,63.62017332758916,200.25656651692972,148.80277485635617,66.38063825885263
2021-07-21,87.30452039085296,157.7523873028054,62.48312377916567,197.32852591996112,148.2845609411255,68.29295578627915
2021-07-22,89.13090291482494,158.68009873198903,61.86758898137523,197.19892586882474,148.59074741537074,69.62115235835945
2021-07-26,88.02062895269371,154.76343942964058,61.36240035467188,197.79715861463905,152.3899971741042,70.41537603727264
2021-07-27,88.84885944706082,158.27005959718107,60.00665549569673,,154.56137630912392,71.50595399796153
2021-07-28,86.58289316273053,162.387674357945,60.083982091860214,197.3405169997714,150.808047009825,72.24716987659629
2021-07-29,89.35525314573154,160.68851740906234,60.32483222032967,203.65768070225008,150.9224720702453,72.79252788702246
2021-07-30,89.01853533629588,163.6288326765355,60.20169686727295,198.49191161682342,151.0908869058931,73.83195187156349
2021-08-02,89.2170299438883,162.35335131332346,58.85897540910572,200.38426743681643,150.69426199149268,72.3755836637304
2021-08-03,89.52800053642491,162.9243070805382,60.65716381379143,200.34627070961648,152.21584254160913,72.65005210535409
2021-08-04,90.41553663519063,161.01215702521614,61.20541128076716,201.86085512447218,149.1202892420485,72.61995877601662
2021-08-05,88.42750696339176,166.48878796067177,63.67280526358866,200.71817724232784,148.32554689135978,
2021-08-06,88.49117060678144,165.88272575013582,62.95479005009159,200.43899867569834,149.50952311923098,72.31864540898819
2021-08-09,87.68753517497716,166.33006755935187,63.90970300064559,200.98870398556062,151.15317628690323,72.94111496360412
2021-08-10,85.53538857273901,164.74676153139742,64.7078782035389,200.2401198988008,151.61287724823322,72.10455914077637
2021-08-11,86.87032509794899,169.47824469311115,64.47760703039866,195.83321135920139,151.07830798107963,71.58484217315485
2021-08-12,86.48092063438719,174.40992936833885,65.89390689849877,195.3027529537444,150.92736275731573,70.93999169060865
2021-08-13,86.86470621608892,178.816210961466,65.54591128455624,191.30949435166275,152.7243200627285,
2021-08-16,87.16853127299362,181.52466951676794,65.24352365916944,193.3369726026307,152.924161631856,71.96095542433169
2021-08-17,86.80043738636526,179.9686685120103,61.89839370380933,188.0814595492711,150.656646024641,71.52109515673807
2021-08-18,,182.34744963928836,62.327685111369355,191.13398697280772,147.98965220831116,71.1776905215894
2021-08-19,89.44951817577072,182.47406405266605,61.13830779364835,192.51845549565937,144.8012800713556,71.23877587400334
2021-08-20,87.43070652795629,186.21225132751525,60.6821660103195,193.92399986401327,148.07867058188123,73.02919322680953
2021-08-23,86.97556671515687,189.4781406328497,59.796613285907114,187.78346466613138,149.99065164579318,71.73308534281186
2021-08-24,87.697121609301,187.78439862769488,59.515959490590085,187.00810832328165,149.87106136225034,72.51731805578841
2021-08-26,88.46788517771327,190.60442962244102,59.959841625186975,190.39360052930925,148.97080279049382,73.08860477891618
2021-08-27,87.0951543026668,192.70689497614111,60.017830193825034,189.06482080387062,147.80749722223945,72.1790550271313
2021-08-31,88.37913176209128,184.84379018212422,60.70471141506165,186.15871825253882,150.34957283115034,73.82496119007156
2021-09-01,86.11282533871504,187.2123876767426,61.90572031993527,184.52981989460108,154.76481395600626,74.48120653437607
2021-09-02,87.65958632198776,186.14959477818255,61.61278622452462,184.48845488938974,153.48322295854214,73.97354266427003
2021-09-03,85.99491163839676,183.82446779655348,61.21978853585825,182.28002536955083,156.22692478455295,71.96951063344048
2021-09-06,85.77186850344856,181.64634839381927,62.14824263316891,185.79935293534584,156.41755189869212,72.27446002507877
2021-09-07,87.21013666822027,181.42316980046786,63.16472122511563,185.767764639272,156.04427174267528,72.28377014844766
2021-09-08,87.43636717850387,182.87471729699436,63.91694123797966,184.36827571292764,159.6899674947063,71.22403991537632
2021-09-09,88.57745354428081,179.27538985150932,63.05516943839391,180.91687340120515,159.79336901447746,70.16606263125219
2021-09-10,89.47030802205354,179.92933583613237,63.50537237548262,182.3762753772795,160.63155979275783,71.1362942473397
2021-09-13,91.26812700407733,181.62991474162504,63.66045624549589,183.78513108703166,161.35827447708374,69.10638995695942
2021-09-14,92.7953300593532,186.84761305971904,64.7164516997609,181.74821592682926,157.55280246473725,69.48745926835736
2021-09-15,,183.9794363282981,64.21211112743005,175.7968823327486,158.3604444778434,69.34768144796257
2021-09-16,93.18749534276462,183.1617980815075,62.65823233801044,177.020680523229,157.1505104470083,69.9203076131255
2021-09-17,91.12821217150213,184.0272274285293,63.357094190977925,176.66627611597156,153.9262067344071,69.66757540689336
2021-09-20,91.1219631810146,187.34176757688394,60.9764180668321,177.69819576307495,152.85533346246686,70.02978580357728
2021-09-21,92.31358978936875,186.63673339637802,60.35612319422346,183.05715007100343,151.77299036624947,69.30556418328068
2021-09-22,92.57278002292526,190.14170043582757,59.47806637778529,183.12991937845229,154.2390340488894,69.30985601748752
2021-09-23,93.26703847117203,184.76821331794932,58.606770990073805,181.86493494681577,151.90125703384626,69.87377889992804
2021-09-24,93.04328285853838,181.4423442939775,57.995181668626515,178.88056236963195,150.22309575662516,70.0878077396838
2021-09-27,94.69350239047792,182.53638087682526,59.10060483400636,178.18537403314022,150.8736855312948,70.54370107866043
2021-09-28,94.65503442349113,178.81950801252685,59.875315141320044,178.75711035890444,147.99397359164007,69.61825099792777
2021-09-29,94.06990040546178,175.8122899923623,59.69712858470749,179.04305225419537,146.64943333889516,69.05711965011525
2021-09-30,95.39607539640733,174.5610949377352,60.75999728006844,183.81490412009768,143.1053343349304,68.51846737768165
2021-10-01,93.4616911282561,176.7206923402827,,185.3380465238515,145.19469681603894,68.28911233710728
2021-10-04,94.23887183511034,171.83622560302507,58.81271318164358,185.11156100814767,144.65450766993405,69.73538990001599
2021-10-05,92.84062395579345,172.41264600021293,59.62162029156233,183.29776228153395,144.7356924555905,69.42069630776223
2021-10-06,94.69454931790288,175.22201682728468,60.18770661564433,184.1776083043029,146.84017182852645,
2021-10-07,94.39953708576877,174.84981405187042,59.82032380223061,181.8191914910952,145.36677266125724,68.89485845176546
2021-10-08,94.66619414282283,174.02234544719747,58.84932548638551,182.4550979665864,144.80277791099525,70.34162646743204
2021-10-11,95.3277741371315,175.2103210374178,60.18496849032901,183.9350293817152,142.6242317030545,69.06716437391658
2021-10-12,92.64474829614113,174.84559170591533,58.68025169768734,183.48498021589253,140.47380688898917,71.16626477553689
2021-10-13,91.81476506140824,178.63230953454982,58.20045913141973,181.89704676427067,138.64641917933204,71.66639630750028
2021-10-14,93.32541071083644,175.7972012841126,58.44656838144797,176.08007875917974,137.73310587713573,72.83515782996702
2021-10-18,94.61483894862381,175.8016555760293,60.073280866812546,179.24204573532327,137.0483061010978,74.4962418675247
2021-10-19,95.09221651774385,176.4846969792029,60.466550791106144,180.4697651768128,137.75129295648279,75.6426842483554
2021-10-21,93.24343805920599,175.62401450687616,60.95055951718854,181.7717208448516,136.01999968738545,75.57778025681425
2021-10-22,94.13694814494362,168.2005208976929,60.47875613824236,177.65999270773696,136.78096223431095,77.01870632243214
2021-10-25,95.21961660690648,167.92911697417802,61.04285379685989,181.47925270190822,137.88547115418987,77.37445546107179
2021-10-26,95.36294671530554,170.33094916574768,61.18811380206541,180.35802796459717,137.02819129967008,78.70198995211582
2021-10-27,97.18891486545223,172.45525506849177,59.77913705706283,179.72101611776407,135.48376456291646,80.18144036810199
2021-10-28,96.27033608633509,173.51097047707867,60.53797478597278,176.98219312799966,135.76505398763706,78.93354062224647
2021-10-29,95.61108995007285,170.79241180474892,61.4675899243069,172.3799152645034,135.46042952601746,79.93714246475233
2021-11-01,92.12423250434841,171.94178358173056,62.25747769695324,175.51036808391393,136.01653217124186,79.78299337567327
2021-11-02,93.46900794148299,170.60036818145804,62.33840736794316,179.03794404656264,139.32826222646045,80.01219871026059
2021-11-03,93.98382864317796,171.6414131845136,61.49417993297362,178.736637103298,139.5831710464684,80.22874302335444
2021-11-04,91.68805700740347,172.09155569305108,59.4133548788711,177.05816271337474,138.35645015170616,80.3975886863212
2021-11-05,89.34276957254,169.70883984697483,59.60085178666503,176.1984280258149,136.6182304490475,82.2992231783571
2021-11-08,88.24479523225081,167.57274224217363,60.61580249325997,175.41536259335768,134.98113085055255,80.67819888379042
2021-11-09,89.3659338070542,168.59918172964177,61.56947012807809,172.3985874600229,132.1274280006738,78.6584080445217
2021-11-10,89.03479662164811,168.17486877099523,62.37240329248565,171.78074053518577,134.08174515239588,76.44029198107492
2021-11-11,88.0312138672162,166.18969537604002,62.352870458877454,172.31266473346898,129.69738172585127,77.72732971023707
2021-11-12,86.7730947879214,164.02217411062313,63.4198504468254,175.08213569215653,130.75072838422147,76.88775310989541
2021-11-15,85.47465001979594,163.405866906183,64.34973939704696,175.2596098805603,129.15282914570125,77.10171612187126
2021-11-16,83.06382259924115,167.38015445041805,63.99327379617143,171.2557557854207,128.26347266195208,77.0307241876902
2021-11-17,81.62590995981648,166.19323323970923,64.69393424711704,172.30096698782515,126.63839824040164,76.0681769822584
2021-11-18,80.3804070387341,166.29123854042766,64.22558980883099,171.77735151255388,129.48623872753603,77.10058634188547
2021-11-19,81.26775436837295,166.67780984861673,64.79722090247792,175.4458536095591,129.62151740694108,77.01485476716242
2021-11-22,81.13074946622321,163.9833970692727,63.58637145651697,179.34809695662358,131.26196557699535,76.80182966450857
2021-11-23,80.19094930986678,159.7784548994593,62.471500342709916,183.4312818439648,133.92762082563175,
2021-11-24,83.03338497529403,157.44575160838505,63.5130942714213,182.03283494663557,134.36303051777782,78.02716447243665
2021-11-25,82.27292756317782,158.15522746148392,64.4571149132392,187.6117456165816,132.06080644402405,76.96719324782327
2021-11-26,83.77906050823624,158.48892959338906,65.12129218338855,,131.72938119643453,78.0365581293531
2021-11-29,85.88330803594259,160.28557571632552,65.2593188666174,193.50512469442828,130.3681266285713,79.79611105297917
2021-12-01,83.92951387312277,160.64641836610883,62.97073221283379,192.20103672845812,129.48780771485013,78.15296265812948
2021-12-02,84.0897726185109,160.51095498116564,62.95038390879427,191.4939385198563,129.4076085490047,78.54173337410958
2021-12-03,83.50425513119622,159.1851049391219,63.429609287013996,192.4342523260524,129.25072322359617,78.24532997426668
2021-12-06,82.82086750108235,161.4246963931855,62.97158415996139,193.0265965416801,130.15310490880915,79.12859915099429
2021-12-07,83.57707604145227,159.3281605279455,62.34895810690074,196.814199000129,131.34525065595432,77.74781394334407
2021-12-08,82.86307227963225,156.80185436823945,63.749708867432474,196.2863551709107,131.186036879464,79.70970798588681
2021-12-10,82.3128999534428,158.26102620157698,63.743057549789526,,132.0849280345269,77.85100336988823
2021-12-13,82.17117990464122,155.22283236145552,64.22890251590756,202.22755414053356,131.10216362339145,77.628021428598
2021-12-14,81.77667697169444,160.96947110293578,65.026109850663,201.7420293872228,133.79260255165147,78.19582702214674
2021-12-15,80.40253823743527,161.29139406222325,64.10133737836334,203.88455985178123,132.76471822834816,77.45335352333684
2021-12-16,81.42675381586655,162.26214111504524,64.33839126107712,202.60029596316082,135.25509189739608,76.53545203173393
2021-12-17,82.7725722778919,160.42431185323207,65.6634190312541,209.9046620597638,132.3686121187494,76.85181396696547
2021-12-20,83.26542325378918,159.79400911738014,67.50779597942481,201.68374915736104,131.7191972978938,77.00293528171764
2021-12-21,82.86172835442163,158.89894586528396,67.60224248853818,203.88092178347486,,77.07139647707051
2021-12-22,82.05149303010947,157.73460989637405,67.41504152173391,198.64751491252034,131.82449941151714,78.12575843501425
2021-12-23,81.25113807419774,159.35839720859707,67.74101758580886,198.134040774686,133.63408754107766,77.72598186642276
2021-12-24,84.18923167257894,158.41122817323935,68.0427737221862,198.03811985695668,131.23656799202465,78.16077243945502
2021-12-27,85.44092134854718,160.955711446283,69.51259092068163,202.67508408445002,129.16043886895216,77.62935405518407
2021-12-28,84.4325773984006,167.51429216356084,68.52927447513062,,126.54770130084502,76.70246404795384
2021-12-29,84.70871139125585,166.90569287256733,68.29640540160963,204.8319976511802,129.15493359362313,76.4362006922307
2021-12-30,84.31583023821341,167.4205523217966,,201.3739727400757,129.83481473985947,75.92549391358503
2021-12-31,85.52112582436693,168.9586535462716,65.48594330621175,208.0931663542861,126.2761359214558,75.05082500857148
2022-01-03,86.65748586549657,176.55970130091748,66.08280513836972,205.5630372805944,124.83944536743495,77.21477936384792
2022-01-04,88.97906082641265,176.14192668453907,67.40092224529522,205.87875393982134,128.49025446360037,76.70110137656509
2022-01-05,87.06032423637468,172.43846816946606,66.28646199220256,204.08565981331157,127.5583171204135,75.40694924930864
2022-01-06,87.26216336556449,166.92759120473912,67.5460618506996,210.5672340087519,126.44477084003718,75.43726053177434
2022-01-07,83.42143490021161,166.63553491054256,69.40286705030823,216.2301230913204,123.93706533247725,75.6111961085828
2022-01-10,80.77418016925061,,72.7388997699608,,120.72402072880143,73.3449750145394
2022-01-11,82.53526092170024,172.94532679505684,72.84391082620779,212.20325899877787,124.2591937281034,72.77580650807414
2022-01-12,80.54887697398199,180.54567906517505,71.65698389828714,208.34634875479296,129.42185751491695,72.13777314517378
2022-01-13,78.8313558278824,175.8227267458547,69.83963392657844,202.9263407625642,126.19538871711153,71.80567919910466
2022-01-14,78.79139212512342,172.64578544112638,67.89496119626249,191.4602776221324,130.5899611845165,73.08656393545029
2022-01-17,80.136284427853,172.91239416094922,69.9959380135445,197.4401473875965,128.95958007228444,73.31435990251775
2022-01-18,77.98697559653341,178.90046459044027,67.3236762393871,195.76277720942463,130.64136773299245,75.54300161014577
2022-01-19,71.17713567423668,179.10178636567662,69.35306175623991,194.0474354132996,135.20798182909508,75.49831725257063
2022-01-20,69.60728258921134,176.15000696796392,67.82652972937862,201.24709122048412,134.67703159165325,78.82795778145459
2022-01-21,71.68441276242335,175.83786118525725,66.64430280671317,198.79193405100898,133.5324723732739,
2022-01-24,72.27784330435335,173.02232397053197,66.3718018249788,194.55532540032698,136.16667067320697,76.37424088869474
2022-01-25,74.64833034192989,175.57646744625333,65.18431977650448,193.4038223694171,132.34735611141733,77.39632427448922
2022-01-26,72.51373121122106,172.4115536461596,66.68352613988436,187.8692381198929,136.1029154209514,80.01247857643227
2022-01-27,69.52000858430593,170.1597033591671,,189.4302237489149,136.54800391284837,77.23043808612836
2022-01-28,70.30306206549851,175.05151327367622,68.52026527796585,187.60382240448857,134.53477254547235,76.82692710319097
2022-01-31,70.70382948249392,171.6364116503497,67.75928291331408,185.16838986716934,132.46237333642267,75.63076652578357
2022-02-01,71.222714847789,165.37971506946442,67.46229260878057,182.36353699770908,127.8412164309529,75.87817558611523
2022-02-02,72.86261187917081,165.7228521432607,68.35457716341544,181.82455475355454,126.08924151608285,75.8744156773968
2022-02-03,73.60887971926498,164.1796682709533,68.07178696553493,182.1494803490778,125.21910671509107,78.40365375337058
2022-02-07,74.3332234709864,166.2295150527546,70.41219270323357,179.7270057012757,121.85918528299115,78.16764936110056
2022-02-08,75.63964290745018,167.498976342069,72.40947664969998,178.0610894135154,121.68411940365647,80.83079010118027
2022-02-09,76.56701638081272,167.3150687696878,70.2417860914115,,123.0862766423711,80.16979563611147
2022-02-10,78.18534819338517,167.00953712579565,71.13555691675263,176.78133587849587,122.39246349970183,82.0026412621143
2022-02-15,80.13318138506699,163.88704978937008,73.81797070838766,176.86564275117934,,82.44681477639075
2022-02-16,83.17761884403433,164.17937131377496,72.88273218313294,173.82058764466856,121.83637320403346,85.98766925819875
2022-02-17,81.80271084388882,167.74733703648155,72.32469666743216,178.133914713576,,82.78674631959301
2022-02-18,82.76095210851193,163.61468536995554,71.34824636595951,178.51168409657535,125.19881093455663,80.35311045489006
2022-02-21,81.96991595855079,163.54352371346414,70.42236799348618,176.2095672820124,129.99786029731106,84.00841821552342
2022-02-22,80.23715598041882,167.74000455878206,67.46383355388856,177.67379925990343,137.80493806131588,82.4432046741476
2022-02-23,78.82991597619186,169.80917854992163,65.2032639340029,177.29016333268154,136.14354935212037,81.03795332921337
2022-02-24,79.78169954793218,175.3172487179242,65.30999143809201,169.5522173442588,134.6423493098111,79.2394707669389
2022-02-25,80.5919875295951,172.77452478964014,67.76172520979274,170.94658379496968,133.77309116006296,81.4907551707129
2022-02-28,81.37455996501332,164.81493871542102,66.70233702142183,166.5382722584472,135.72518251813952,78.91267775725682
2022-03-01,80.8909638782975,165.59225460310878,65.61049096420902,170.3787604910105,140.18365286979167,78.93329450766926
2022-03-02,80.87360215198966,167.0435498945659,68.38174863732604,169.29792176726784,137.85377082554785,78.38545438216029
2022-03-03,,172.70808835531693,66.4666195332513,172.54873939525473,139.12631368779077,80.39313237052527
2022-03-04,79.40598050025493,177.78633539202949,63.686249116195754,169.77838935099246,138.61179922450432,79.23610905861915
2022-03-07,79.43107695578749,180.11864153592254,62.348017229899234,170.024267792778,140.71214605524185,80.0349528100934
2022-03-08,79.58588047581338,183.51113208399346,61.29623037214074,175.11752963805642,145.97990819690006,77.66748654508368
2022-03-09,81.06081429968897,182.57604442053068,58.600034331929685,173.88725655316688,145.05903687350113,82.05946842476453
2022-03-10,78.30019016092538,176.95674352145613,58.39487311203983,171.26670126560415,138.9597842765918,81.54333011424367
2022-03-11,81.20343151862787,177.4244455801774,59.761964756449764,174.01998738315956,141.5024067548658,81.53673220873337
2022-03-14,81.61275857768167,181.7295320471522,57.82275657039449,176.73322696310865,138.51421121908913,84.88535276479152
2022-03-16,82.13218409508137,,57.93201009430893,174.25565186647947,137.97706787025902,83.61488902385217
2022-03-17,81.28338953682162,188.45082932631652,58.48806423020831,165.55393006170996,140.65047992977347,87.07525429627358
2022-03-18,82.3523115360723,186.3790212281934,58.34859318973844,162.97947134887147,141.65400300773942,86.15340779189347
2022-03-21,82.42633401481974,185.08579852782205,58.601961146210265,165.69046992640625,141.25128058669614,87.57428895815157
2022-03-22,84.89290485318544,187.26715260067354,58.87347467225872,162.43036830906212,139.1753044687402,86.29421198555566
2022-03-23,81.80812113054752,184.65240036377165,,162.33722327619327,129.0437118824801,83.34287131052352
2022-03-24,82.14260555709949,182.21629477187003,59.80250393092598,159.620165129826,131.2578465226649,84.18170553920979
2022-03-25,82.95686949288164,183.51906035895183,61.65003775411377,151.86195804176617,130.38842178584252,85.5031550194264
2022-03-28,82.54546067212739,186.95501772801478,63.465494806886745,149.25190210021265,135.28234348345836,82.66469450757124
2022-03-29,81.68561386384711,185.9663590562077,65.05479096962851,151.71878239089506,136.58791289704698,82.00532304600404
2022-03-30,80.9198984762152,180.5027164243734,62.473775528202076,142.6829712503132,134.6991568919236,84.4424371126207
2022-03-31,81.24891730535245,177.1282004739231,63.90139872345706,143.53966602939244,138.25140968029262,85.68399205055529
2022-04-01,77.54811260336415,177.97696376087808,64.92957450947775,139.24040459551335,142.18856583484248,84.811696876162
2022-04-04,79.3957253911947,178.77572866288534,62.41595002357329,141.31662547229763,141.3673137762175,83.51932415003071
2022-04-05,78.41889622559881,179.80028404030176,62.061879388901325,143.79785902287162,145.54346278830616,87.56216958564542
2022-04-06,78.64592421828507,182.0895699880394,62.472718866776255,143.1365760425736,143.47926331709152,84.36848815289505
2022-04-07,79.34410786737396,182.0613941697026,65.05333740552395,142.48649208697603,144.00887314671797,84.21831525085767
2022-04-08,78.27731565080862,183.21318757787003,66.21246404563799,139.57135133773133,146.0228674353231,81.10919217988986
2022-04-11,77.99739908743739,182.95198592817215,64.76147462811166,134.83435759507327,148.84396200529716,83.7509482649761
2022-04-13,74.00541373553916,188.15117713249688,67.48694260164397,140.51793894185124,151.1120531772167,83.71090774855861
2022-04-18,75.33773987307448,194.83215276010526,67.54056057719814,137.43683221057938,149.81000682228742,84.05867233556698
2022-04-19,77.34938748589363,188.98226241922333,67.08830706389641,142.78242450650734,153.86123509557834,89.85219001855278
2022-04-20,74.03691243564992,187.71961550286295,66.51953542130379,139.6715522905027,153.33646318472992,88.49211387077007
2022-04-21,73.26231442397732,187.81687534245077,63.79962605657432,141.4635047514787,151.10914616610916,92.33394570907268
2022-04-22,70.98775880242262,186.50725310001155,63.60540483636021,137.39711098665504,,91.40430004106577
2022-04-25,70.65102779800156,194.81112761233342,64.37739199468548,139.15371593403773,156.1499701010595,90.84327768264303
2022-04-26,71.77550308254128,195.8434087805346,63.7378294384794,137.97930255403253,153.2066078572282,96.80753688465482
2022-04-27,73.52558525516687,191.84148665926676,64.38867629669264,136.859889716094,158.1078221668928,96.38862555762636
2022-04-28,75.56565038766495,194.64449384146522,62.97793477233251,138.9060243427032,153.5722356598031,93.04786470331597
2022-04-29,78.01878310440878,195.90469304225383,62.73715766707639,137.23518848845424,155.399382238871,93.67574887527748
2022-05-02,77.56156811142812,197.33574214760964,63.214807529237106,132.29421223285996,156.506927045076,93.24311486421847
2022-05-04,75.31430189590722,206.19550601265556,63.49557748296309,134.77243196368377,162.8033058916832,94.07087092318339
2022-05-05,75.07595039354503,207.94190553126427,60.928030484707,130.8711050015812,160.09099510203527,93.72845814261247
2022-05-06,76.24200659814666,206.30092406183272,60.24105787662034,132.52177336412,156.31819378452627,98.89182912574564
2022-05-09,73.87991528830202,196.15465044601186,62.74928909602853,135.70559752372807,155.8159810288821,100.23857721306648
2022-05-10,76.92402075090892,195.2847093861767,61.95794828224047,134.39097028912258,162.2543044906179,97.51468251896232
2022-05-11,78.62767345937375,201.6020228676691,61.96384597276957,,158.61916521870177,97.78905666065933
2022-05-12,78.19803776066479,201.08204528766902,,139.94764001848992,148.3072673331753,95.80484378908554
2022-05-13,76.78485859790422,189.7608752955643,64.21567691511235,137.47105163825498,148.48437526885647,95.18279768631407
2022-05-17,75.47736395037208,187.33970493905488,66.26795877294815,142.2462082912102,151.96456288819834,92.98778549802653
2022-05-18,75.59474297634631,191.93275247698077,67.58591416041303,138.14357223483916,148.0674091341549,97.85829629374713
2022-05-19,75.13852378366576,194.4941774678101,65.92120159994296,136.80116058693676,151.16176691216242,96.13749579173279
2022-05-20,76.90146657363674,190.35203061112517,66.49336969438981,136.05451762422592,147.20166501063375,97.76117241790482
2022-05-23,76.21901252877015,,67.41753069066077,138.07228673635834,146.61816299924718,96.94125087778632
2022-05-24,,185.62229253853445,66.21985010784255,141.88112570211968,149.33310001007894,94.1047179529602
2022-05-25,77.0804245909122,182.49124461002148,64.75884634617152,145.57284264498512,144.85510284016803,94.54147983514824
2022-05-26,77.57695617771805,173.17655447973266,67.4997874216934,146.34346276512838,145.4689746168757,95.46016737209638
2022-05-27,77.10750614029817,176.43050340930708,66.97193349470729,,149.8438576963493,96.76469387976573
2022-05-30,78.44862839951831,181.92216728264273,69.65579491744916,138.59888002215766,151.5743073820322,90.39220862723148
2022-05-31,79.84215076755932,174.9616025626053,71.37123213262883,134.00382176781966,,87.57458018033283
2022-06-01,80.73624118788076,180.34977664277395,72.0775874758995,139.88208530409307,154.40304685304582,89.64474411922967
2022-06-02,81.93823089657027,179.83116642575584,72.87139855440161,133.4192812189947,156.89817118564147,87.5479379502488
2022-06-03,79.97915175365544,185.28514155575195,70.29827383672921,130.76260099101927,149.55357951493306,87.96585689696177
2022-06-07,80.60148105626493,185.40534731228968,70.64058210696142,134.46516457451023,152.7399815949893,85.1728866320592
2022-06-08,83.09448842688802,185.9779930127328,73.12186860309106,135.1298033573888,150.51236728055915,86.70514920942036
2022-06-09,84.09038535803799,187.65381581918294,74.34545248316097,138.2244281151764,151.20684469229326,88.69778439653234
2022-06-10,81.89832244228421,183.89104565789032,74.61000461827992,140.0587642472192,154.97191026204507,90.29414473759745
2022-06-13,81.77185810419982,189.3281252847161,77.78081266904728,145.16244447149649,152.79608687960928,92.59790235078736
2022-06-15,82.51389261592158,183.96360449869874,77.39766298061093,146.19101941518852,146.46424525295598,96.19046980267686
2022-06-16,80.92673888801936,182.05927422809052,76.17563964839042,148.57191460569777,151.93301948504768,93.33824410417013
2022-06-17,78.15444940444424,184.39083761370057,76.44574307163586,145.83727568345495,156.3109066597544,
2022-06-20,,181.98824693986583,77.88763853610068,147.93125459579213,155.92303672445294,93.49492609594573
2022-06-21,76.0545268649401,185.4711891522061,74.51939910419581,146.42188945307134,159.20296142149664,96.10862296911999
2022-06-22,76.00454186883756,191.79513617682852,75.02774928787788,144.71934745343518,157.68501399171151,94.45953606531108
2022-06-23,72.95789097725455,196.59263258991103,76.52520002965001,147.9130267289736,158.01997707949684,92.67451988908887
2022-06-24,73.9659885738427,187.01800463729103,75.98638298683706,151.2026988840183,157.40256165166537,91.13562823200972
2022-06-27,72.77031905753526,187.5502904645964,78.06644328907119,157.53976334581225,156.0609248412848,87.45125409553562
2022-06-28,74.56001816095691,192.3172684382567,,163.88571386904513,157.41593388748345,84.64535616050169
2022-06-29,74.02151059240948,185.92873472172414,83.51560645874478,,152.61404416163592,81.98052429927975
2022-06-30,73.95232075008475,189.23645612417536,81.92337537177751,160.33619234584742,151.60839074797045,81.35317146503488
2022-07-01,73.61022678260106,192.3373830103205,83.6001622318466,167.61417672887043,152.75485139940804,81.87960075138618
2022-07-04,72.32175394329313,186.4514268507007,81.44887108982206,171.41050236041332,159.7284949565339,82.74235143094701
2022-07-05,76.77004709084865,190.2840881939634,78.13519208217357,168.07716764021808,155.01836433249306,81.66553780839146
2022-07-06,75.79532433081194,191.52425424236395,74.13558668972983,171.0895691482764,156.9892409121423,80.65291144346368
2022-07-07,77.71203937738397,194.58089414253263,75.11107019446219,166.6016085596924,159.41530859169677,80.87805706046566
2022-07-08,75.56402237255263,189.82187167321027,75.43451332333981,169.12824740496848,151.88804160932912,77.82892487543707
2022-07-11,76.24434678489317,190.47740307709236,74.50845838511493,163.51204780178378,153.40134778901017,79.67238182532304
2022-07-12,77.13425586416898,182.30173886734542,,160.1591580101482,156.73125032354017,82.20872277933232
2022-07-13,77.06449375897199,,69.9326367134418,162.953651552236,158.99073770959086,80.89835553200317
2022-07-14,75.94126966951912,172.42310406350705,69.91881279289859,167.27553576858725,158.6094490841243,80.06826527344847
2022-07-15,75.41856229821082,177.1155885243543,71.28427366080743,168.5862937333726,,82.53299111978205
2022-07-18,74.635548868802,178.18243016574786,71.23341990506323,167.32961509920366,160.51415976162957,82.254335825785
2022-07-19,79.09507195269329,177.84635109024765,71.66092788492519,158.43242213638712,153.68645988588153,83.43930298651962
2022-07-20,79.0266486064577,176.9591907110036,70.96557972085539,157.5569994323618,,83.22172375260784
2022-07-21,80.03994563859948,172.73621273224117,74.0476577867914,159.61109003119248,152.92007003933367,86.43472182443827
2022-07-22,83.58096303955817,171.7263065615477,72.1404684593369,158.29922610812724,150.1796576244647,87.4677888163845
2022-07-25,81.72479979567568,173.4851465763148,70.85774200480859,158.16238457523576,159.4644021480955,88.63910446479713
2022-07-27,81.77722673113468,171.5454862110747,69.96430014768173,157.38099332624532,164.41025324871202,89.86743534460528
2022-07-28,81.20236118003068,174.71301723483384,,156.06801792524828,159.63342817984037,
2022-07-29,81.003134342636,175.51658806639296,69.03010569616504,156.31724836627993,160.96890626111207,87.54073372710161
2022-08-01,80.61632014179928,176.85481173734456,,155.20468152360843,166.78803393694986,89.19797969956983
2022-08-02,79.11710430976642,180.73086239325448,69.50831465205322,160.75825250709624,160.49929464460718,89.45311453049958
2022-08-03,79.47987657600548,178.2966190441848,68.28087084988518,151.8425240722219,160.76003835359816,86.79275428728634
2022-08-04,77.34458456316644,181.1822632879842,68.82366871254796,149.7249184150013,161.21045874572462,
2022-08-05,79.2334993002688,179.37734045050223,67.06898536466903,146.4225248878202,156.0255560517052,93.02474593988563
2022-08-08,80.44440467871418,180.84605737716328,65.17583893625921,147.18066631252194,157.45923706805763,93.08434299651205
2022-08-09,79.42786329497345,177.8721734917064,65.31858340318247,147.42036763734856,161.80608192271114,92.41995121361933
2022-08-10,78.5204330755193,173.76909012926563,62.588665737187846,153.35474911228707,167.85782190114722,92.85126555476161
2022-08-11,79.03770716240828,174.11604073388423,59.213880651913335,160.78916517003194,166.76102168059518,94.024720079015
2022-08-12,77.4361160799897,165.8577166954333,59.984894674736424,157.63334233478238,177.14041542262402,89.2177045356961
2022-08-15,80.92070282584426,164.57950333763526,61.5399579944164,157.58802300514785,167.97354615743097,93.90241403075947
2022-08-16,81.62051665312627,157.92071124273005,60.80331989911805,158.31412722250352,169.41902869228545,92.01994222065544
2022-08-17,82.39848903804464,160.9497648524409,59.76955606378049,155.10900330298327,163.38646468592407,91.98795233205126
2022-08-18,83.77752061592946,165.12685626080483,61.25413504853617,157.49916338457476,163.70581430443505,
2022-08-19,82.5387374500052,161.51077947502907,,156.50885838043638,161.5207233222206,96.60770638783997
2022-08-22,84.76111355294441,163.19175525189542,57.43630311775591,152.2845479320541,163.5190474400222,96.36588802198003
2022-08-23,84.97838461036326,166.81108610847804,58.43517273005272,151.17451424689042,162.95130638807768,100.16392615681795
2022-08-24,86.97143677673849,170.5245895622704,58.430845877984034,147.35858766985282,159.53754097452867,101.15236248439722
2022-08-25,86.51493864990309,171.38766069650922,59.968857840033586,151.13335041094317,156.45730600724752,98.68959361939913
2022-08-26,89.33809029257067,174.4825134128751,56.74213467707379,158.27273593657654,163.96905398892224,98.9923423734274
2022-08-29,90.20767069522012,171.5977446753125,54.73818123060257,159.19395991870977,165.73796746815836,98.66935827185938
2022-08-30,95.10258026718583,171.90285604287334,54.74137254846232,159.58906646456808,158.63556227314595,95.96564398770373
2022-08-31,94.19548801249826,169.8438749436932,,160.14936279818357,160.772334655799,96.79508169304412
2022-09-01,94.64892012078025,166.6771869598404,56.45086239954899,164.83466864966414,159.9416374176449,96.81952910547017
2022-09-02,92.17958600003132,166.77745741981218,56.68064248612964,169.56830414056765,159.91205256152503,98.13729543440247
2022-09-05,90.9321698140424,168.1764299953811,56.89695729324323,169.02715416216228,163.14182888510928,98.58223221713472
2022-09-06,92.31135291886243,173.01784583795734,56.32599413196245,170.0438099307865,167.91873246409554,96.94797812270232
2022-09-07,94.88989618082688,174.11285643783796,58.54932884217692,172.767258828158,164.26308822694446,98.78110440615278
2022-09-08,101.89516732321906,176.85483155782723,56.917231968149856,167.80155006872332,164.09167290146286,97.20950128201216
2022-09-09,,179.69018224747515,57.411017631166075,172.8381481503341,161.80213869886074,89.64740279016966
2022-09-12,99.21717031268928,191.7093636920119,55.97601656540786,180.2824249916854,164.16793749240816,89.90884363546748
2022-09-13,101.05597641830259,182.97684687557157,56.70759307890838,185.4792105905285,163.1652633709883,88.6364677797668
2022-09-14,98.1763176004046,179.77505457618923,55.22041154247171,179.64777244128544,163.2356344267157,89.45664429294833
2022-09-15,99.53183160666546,186.34608474192652,,170.74622327144507,162.0836937725304,93.90011624639013
2022-09-16,98.2522112729905,184.65027445958114,56.371414901002176,173.72027532609204,161.60506258777792,98.63207103411676
2022-09-19,98.74247745296151,188.68397418912616,58.81319794373954,170.3666512341521,168.44358688158496,98.19532101795788
2022-09-20,101.40616958830404,189.71234677299242,58.382362380829825,171.53848993877094,178.46078451023564,96.13686435748453
2022-09-21,101.09502141521627,199.6400052680933,58.98511081707402,178.0704557233276,180.0896500469298,97.5132637323231
2022-09-22,103.42242868399194,194.024858474446,57.81771248127384,175.092426895334,179.58553508535334,96.58146210870042
2022-09-23,105.64900639849628,199.89314299906525,57.384234290734646,173.38722514035842,172.3678273871719,97.49844640377106
2022-09-26,100.69319235749558,208.5764077072487,57.51872784306137,174.5347146815583,169.03932621377697,95.85837442969168
2022-09-27,98.39335796603278,203.2242386521835,55.305378547780144,168.8208423968821,168.45303006350647,96.4303911044076
2022-09-28,94.5220544189657,207.14072661096955,53.32873122625376,165.57164810852782,,94.44398736026804
2022-09-29,99.2239053860854,202.0787355348348,54.11247599124847,165.6248690606943,162.81970825143188,97.21179453043572
2022-09-30,98.93270325351831,202.17048722516535,53.898614257881825,164.33111164231138,169.1834737026615,95.748811240802
2022-10-04,103.30757964433288,200.81297340747213,53.083496711403996,166.7813203716594,,97.30258114505233
2022-10-05,99.05917867600243,188.69012546460712,52.08952657527799,178.26412928097977,169.70391332350633,94.19676234066466
2022-10-06,97.61101167971651,190.6347388192533,,178.65247028606385,166.79268273913016,96.0081045149099
2022-10-07,99.53516445687787,191.26068401708707,51.29291612620659,174.83952658425352,171.65279102654918,93.6597845154593
2022-10-10,99.9514070884046,198.27554721610386,51.84820793265037,180.98618653149066,170.6890523190704,94.24323066664635
2022-10-11,101.25292406797011,,49.120853203795335,173.7430357520566,168.41520246857377,96.62570183118565
2022-10-12,98.04875444344812,212.7108103162464,50.84110730543211,167.65808479094514,161.70911618409485,96.11362692245422
2022-10-13,101.39418650686927,213.21622386890513,52.531193784753334,165.11343979610328,161.41358503749237,93.61186872186825
2022-10-14,103.33339112421856,212.58974102192894,49.45463250088689,163.89619577672357,159.137419431593,94.74647384118643
2022-10-17,104.33992424299161,211.54615578383192,50.78239875337527,161.31043525738414,165.79167004596,92.72604934603399
2022-10-18,102.52020914601141,209.15785938847824,52.10682764575855,161.13496045759067,173.3845086335103,91.7611290967532
2022-10-19,103.31935450335926,197.55090063732345,52.091775929686015,162.19338311033027,167.97803074068,92.34257959223304
2022-10-20,102.53544478516312,196.40414419510924,50.38685296705094,166.4791791812552,163.2152100542446,95.45608519744336
2022-10-24,98.27383789334696,,51.65059062572952,166.80875915201253,162.03875630899645,95.49081535194813
2022-10-26,98.12047456307401,188.24010747951738,51.32360227225349,164.4152776170632,158.68440054033627,95.5167351636432
2022-10-27,97.70657689440375,182.3479083788799,52.01246617846728,168.53653310613578,159.49931069468363,97.24920073659275
2022-10-28,100.27235529176903,178.21621192598698,54.88251571614183,165.04059886253415,158.1490553673292,97.34249164364765
2022-10-31,94.64099353275516,175.18025333371682,55.21158682202706,158.25494331155406,159.21075876718902,98.85989122531754
2022-11-01,95.16908987173392,174.23018496168973,53.929456876915275,162.97867935980335,163.20732105355484,101.49582598411592
2022-11-02,92.39118015919547,174.20783233941103,53.460633284533024,167.58222910254537,158.81614031450312,100.63377841701741
2022-11-03,93.10079833814295,178.8786909242969,52.38948887199718,164.21257616681643,162.71988560119726,92.36417092232675
2022-11-04,93.9440123980488,176.24233163961915,52.94152964354545,162.52488612068743,159.70691369798652,90.4477827242018
2022-11-07,93.71186552384377,178.30501080451688,51.85878594574606,158.75054003270952,168.23719074814232,93.15371358685161
2022-11-08,95.57507558295212,190.42470208941626,51.230190792568045,159.99920914385538,175.0044306617192,93.04713460338456
2022-11-09,92.56979842884898,192.16399705771244,49.5697814068135,166.87937230153892,174.45719033750052,92.23034296382579
2022-11-10,95.10556395927259,191.23925687686497,49.39122237263484,169.76172032364173,170.2022516706882,94.89299836314106
2022-11-11,,187.45677552707318,49.59465838845831,174.10645173520678,165.23717124222478,94.62415483588339
2022-11-15,89.7326886565634,186.48981937222288,46.25100133988657,177.62221958012478,168.79649765083653,89.64566293793173
2022-11-16,89.09469827966238,,46.53726446798013,177.56840382846258,168.61756168881016,86.24517420952715
2022-11-17,84.40128418689002,183.47184353012292,46.47013419511977,182.32430911638255,172.47412727744342,87.12195994445999
2022-11-18,84.91227887444293,183.89173782713658,45.567461191939145,185.6655413899893,181.92669673423327,86.95013160812007
2022-11-21,84.33646654381323,173.8962140533432,47.86477769806938,192.2912284277075,178.36828814368712,90.08611087560777
2022-11-22,86.91228549810434,173.7633660155497,48.997349912825435,190.02436029871302,172.82933633926373,88.40765194357523
2022-11-23,88.29619896871031,178.3861071459838,47.63963030137029,181.7102641798144,173.60948897685213,87.69707375690459
2022-11-24,85.19701047021799,176.5526910730832,48.62367078847347,186.4040720517306,178.5259344087984,85.73155635386868
2022-11-25,83.38574867060517,173.61795821170648,50.121885305870336,187.97811240312885,174.27496282826647,84.59005315992984
2022-11-28,84.44613275881377,167.58603294286203,50.27227717881388,186.53046429134056,174.3735359659231,80.56376985446879
2022-11-29,86.20911258234615,159.7514192455981,50.71145835229751,185.35460976253847,180.29370784578543,79.76279546073832
2022-11-30,88.81801782365905,163.023724452378,51.12519623749765,197.13707555469173,172.87967973441567,79.63543648280861
2022-12-01,91.48813010204319,162.23518550515735,48.44391505105795,193.91292503858864,173.84485817572903,79.34012669821819
2022-12-02,91.2559272576767,165.31774148264597,48.203064504656474,189.7180876567822,171.44535107560247,83.57997036743696
2022-12-05,92.0559123565929,171.5970207335168,47.9006953069764,190.065671272626,171.92606922846542,87.38596104206684
2022-12-06,95.0172095302155,175.4976255795034,49.59896133309455,195.61792135007275,174.92525198470108,85.71929345585636
2022-12-07,94.26821627535504,173.06534992701575,49.99789552970916,206.70164248878584,,81.31345743446663
2022-12-08,95.13483856836963,173.64021964896438,49.61089811624008,210.03659243721933,171.3447502407831,81.08740530534669
2022-12-09,94.32885436165095,170.91939519956793,49.48423561322877,203.302773369791,169.14619945659155,81.82633483814041
2022-12-12,93.00129809408658,167.84161348964037,50.73542667365558,213.258836842089,175.12802511658796,80.04153048990119
2022-12-13,93.08589467488373,169.2297272552527,50.486081504474384,213.09106238803614,176.51562091177328,78.3947247575184
2022-12-14,91.45795397408618,165.65773666616852,49.58970676527997,208.5644252489453,180.17090253974172,81.47280537091362
2022-12-15,91.13118391259275,156.4589629159028,49.23303008071313,202.87378423554628,181.24424956740836,80.92377730357998
2022-12-16,88.74592800489621,152.93805775999184,50.376093210329735,207.05465140418693,184.85606715757413,82.23929483405132
2022-12-19,88.2977735213392,151.71883117157878,50.98585162066903,208.22880339131325,182.96986013228528,80.30193093130987
2022-12-20,89.26108080415429,157.44393556815868,51.026981873200974,209.96270057082685,179.40418170777215,80.16352963243759
2022-12-21,87.92046074041569,155.46432428184966,51.25601558765843,216.65265348998398,182.77562454785516,79.46542883409522
2022-12-26,87.91450798128366,157.40733330695176,50.52338455919002,212.2429346749435,187.872204081946,78.09986860433061
2022-12-27,88.19438951786552,156.6977873499204,50.26325304023255,219.4281784826549,183.521641295464,80.33215890220865
2022-12-28,89.16570716400307,161.45515232469165,49.41467824011967,216.51440638694632,180.82412637587313,77.51877203870139
2022-12-29,88.841188926533,166.0771951082301,49.03569324950952,228.16292136452043,180.03199723080266,78.07701732347643
2022-12-30,91.22627799052606,170.91076851055695,50.67125215139348,231.50972356370892,187.26849410159898,77.36042322708755
2023-01-02,86.40743490487009,163.45058384006958,49.29062291721874,226.1141664556097,189.84875176998295,78.13949003750074
2023-01-03,92.72760487210478,164.24627782031698,48.42715266054161,214.59693916481982,183.50739134732413,77.44878259423275
2023-01-04,91.14913296480522,166.80503313472894,47.23168107125916,218.1546333288023,183.23953371336745,78.82302304566618
2023-01-05,91.92096563549867,168.14460619948065,45.86110387759953,216.60931196398366,182.41173535577815,77.3731482637224
2023-01-06,90.23243649127187,170.35266881222742,45.708136995984006,216.0220161276578,178.20433733490486,79.19536821748066
2023-01-09,91.43120718159382,170.61961486591042,45.161824948947846,219.418729067124,177.90213158767324,79.18142556455973
2023-01-10,91.97352069428536,168.14636682165894,46.771111421066145,223.9405709105062,176.9413268653842,77.10924365251475
2023-01-11,90.81334180270187,162.50641017982807,46.525238919107665,229.51091498524184,175.7323486248004,78.18910533648409
2023-01-12,92.79868009708098,160.47322933646987,47.7436389573279,224.2099412782474,174.37083987473056,77.909423307778
2023-01-13,92.53149250482751,169.1327174270172,48.68705944586927,230.69362081640452,179.57195078691728,75.27945371852744
2023-01-16,,167.55758045131117,48.503067002110555,228.11425696038143,178.33756200592305,75.81012581449912
2023-01-17,91.90205344144114,,50.56942917934013,217.91184711552557,178.5860613323824,77.36665282121568
2023-01-18,91.88204152011814,163.48279965669587,50.861249159227434,212.86308960037712,178.44760458669873,79.38149049622646
2023-01-19,95.60033733082484,166.34525272083417,52.420664484060104,213.87642473065216,176.716602684054,78.81256036496849
2023-01-20,97.47977405418251,170.69459684219353,53.90584349131499,209.77506947199916,,79.07314314926407
2023-01-23,98.1185019985191,172.3707443971618,54.37444481649247,209.48958880702736,177.37054312341598,79.18469375588187
2023-01-24,97.27680061689833,175.35483194516138,55.21304105109875,210.99059213305898,177.7244205105404,81.57575893613792
2023-01-25,97.44703216947,181.87879320639593,55.92426388075536,210.30957609778577,174.74137603349385,80.28606481538881
2023-01-26,97.87105537033622,179.23982834160617,54.666794021553244,208.31435090348992,174.0909029832762,79.57206566337943
2023-01-27,98.78953301304355,175.92801150453778,54.75129833928796,203.18691787307247,176.8078417812214,78.27548610416285
2023-01-30,96.70179304991962,172.147014042676,55.94952747454085,203.35736653537512,176.2427051077204,76.03813706590925
2023-01-31,98.03319873337892,171.30084403352717,57.67969535142056,195.0402235550493,176.8834598280504,76.4453778334559
2023-02-01,95.93608607799952,176.28029377859323,56.871441694972845,192.44229541616568,177.5451348641372,78.92419310452568
2023-02-02,99.104137115802,178.21256683613444,57.495698242601556,188.94837426236626,179.0982824136386,78.6424582671257
2023-02-03,97.61434758930355,180.02567280855834,57.692184287026635,188.11935627349814,181.17099011355967,77.28682488532006
2023-02-06,98.23249692637329,173.54724039960553,57.5792529156114,187.39197472560724,180.61243774166218,77.60657547696484
2023-02-07,100.24654321994582,171.2106460768006,58.01225192531305,191.06469505296081,177.39271290292885,78.55200699527107
2023-02-08,99.78063729853359,164.9934477492689,58.28838724021577,197.19205299300174,173.1398456198896,78.33777503275478
2023-02-09,100.50025529284653,168.92440274720815,58.942858075696435,192.86258772822964,176.7331429259502,80.56810684447086
2023-02-10,103.42517763666734,174.3490602438856,60.66601334744735,200.62658990369732,179.52641183332153,79.29132488930198
2023-02-13,104.63401729335254,177.1371343938184,61.64167765065632,197.57989216647996,181.92978463306272,78.86795736561636
2023-02-14,105.41992471495004,173.71206019953374,62.049241646927435,198.34068058666202,184.9541982092687,79.36638377776046
2023-02-15,101.90989369517962,178.93044863617456,64.38803275822082,200.44651511798097,184.43057074020368,80.02189257129187
2023-02-16,100.0475469423061,178.09572052222654,65.84311163490135,210.32685559748182,182.19941668108788,80.12948695488501
2023-02-17,102.18240177340122,173.8411587974244,65.74777286539829,208.12985556076737,178.69970328425995,78.11275609983933
2023-02-20,103.3880525559359,170.55763219752612,64.17361285926964,200.73401104055844,174.8778527423229,81.7965714937875
2023-02-22,104.92122763758681,169.15852530559317,62.93142903065537,206.79770162546146,179.18739805615246,81.44325952185599
2023-02-23,106.29652865194473,169.39392130395592,,203.4336259750251,177.49176614402768,81.65544774832317
2023-02-24,109.0809800988552,168.91506429864964,63.3483932661817,202.043813904262,181.307338835031,82.6953479917582
2023-02-27,108.55433729065732,164.21021079060847,62.09655872752385,197.60794336843543,180.7021863191192,81.67570548169644
2023-02-28,108.85937488897206,168.2606737410863,61.179907550832745,196.2693322483689,178.33050189747706,81.80136587559248
2023-03-02,106.6633017415524,167.82115694110595,60.36329734054104,193.0489782685038,174.4986616261151,80.7261846939896
2023-03-03,103.97960489325718,165.49262544527207,61.41440062152481,195.73792589045934,172.51581812828695,81.42939168598666
2023-03-06,100.60288653213836,169.23375955390244,61.24644196904658,196.1325007814373,177.47819693422514,81.01243631539235
2023-03-07,98.86212762570577,165.29600749133004,59.589879319493576,193.53941274532067,173.70071521185415,81.48023214151921
2023-03-08,101.97146376375073,159.97714501459285,59.65071450544427,197.47163806106064,181.12380423420757,79.80738211564748
2023-03-09,98.84557531064027,164.1125140480742,59.939741463464436,198.55771923740426,178.1511734532846,78.51623205668028
2023-03-10,98.28504975832732,170.38616735428715,59.38909080907636,191.30619972089178,180.8945232687214,76.4039245060209
2023-03-13,95.78242672864444,168.87962642987512,60.785785729999525,194.90162111854372,180.44137780546046,75.34874034502138
2023-03-14,94.66948480779205,168.79191032516655,60.2983580260692,195.70020277210378,,71.50064364095881
2023-03-15,95.02864907965609,164.98847253596773,61.65909622213227,201.22181544968095,174.86769583102355,71.09008665103619
2023-03-16,93.73603922669004,165.0725920744818,62.419701597334935,201.8010019657512,174.59352782576295,70.35893894117025
2023-03-17,95.81635101300328,163.5681030923599,63.60143826418545,198.6863675623336,170.61878047015887,70.59944122225171
2023-03-20,98.79428127488026,163.29943122943072,62.22949056985878,197.95402815568497,164.94885530176958,70.69066660712575
2023-03-21,94.3898430679564,164.70138424033257,,201.21599116414845,165.40938814524173,72.49621901001376
2023-03-22,93.13824822761438,161.14994318744988,62.335784152743486,198.1947851327211,163.37345295419883,76.28677108432363
2023-03-23,93.28567140020377,160.0482856294868,60.58788063039601,196.528772504466,,78.05286935867156
2023-03-24,95.42399732570476,154.33846245962027,61.9511815343809,195.73602032335828,172.3888564920423,77.3767635568367
2023-03-27,94.59525083468621,153.3044340121489,60.96318297998119,191.3148462343615,178.3101798889079,76.64417467463079
2023-03-28,94.59537306074476,153.07927863856614,60.24434435141242,188.49745417913002,175.95333689714175,78.0063915835348
2023-03-29,92.44475817987603,153.84155963900673,59.04751112642322,189.22335859826586,176.50279602497534,75.41136123186993
2023-03-30,89.6477572451178,154.6402328353102,59.89919627868051,193.84978550271677,167.3222821064821,74.96612814183754
2023-03-31,,157.49774542122597,58.095116682547356,195.15690291609704,166.44617467053385,74.63904652417723
2023-04-03,88.94571075553132,152.71086440967258,58.83626490178427,195.05596285041767,166.84064660520355,75.54088248421947
2023-04-04,93.12370249549149,148.23253575551746,60.088905439509766,191.89109881150424,167.42141248168667,76.4985389475099
2023-04-05,94.51152764009397,149.86000429420906,60.758510276520546,196.17088594662593,167.34651346392954,75.3899824931282
2023-04-06,,143.8087733813716,61.648778581813644,197.9501774607507,167.63633276341986,74.79534753189375
2023-04-07,96.97596861895865,144.39350046399144,62.609940335758665,195.23141188962643,,75.49110021946925
2023-04-10,96.5246702194054,141.04272528177066,,198.81839260201207,159.4828386659055,74.31506867348969
2023-04-11,97.3201966860433,145.53582363824395,63.23387259790767,,161.08863912715867,76.13745018713134
2023-04-12,96.99145550854718,146.3230339165161,62.67731808216283,197.93106004145875,165.46388840735054,77.09552614703199
2023-04-13,98.10311973244747,145.74021165597304,62.61916905290762,197.60891435092478,166.7503306245483,77.39081673463723
2023-04-14,98.07626591268652,149.37707375040986,62.22762727110629,195.74043223966854,166.38102177481179,78.02687730524484
2023-04-17,96.25136439674111,146.25986698067237,62.86426831973478,206.12852550659144,170.12440150397398,77.32948771850674
2023-04-18,94.61398890006711,143.7634753894382,62.212947674690646,208.40313269088142,162.17164978247916,
2023-04-19,92.7893157838158,140.1939581609327,62.32109334277239,209.26492988992098,160.5663173870948,75.77345441569645
2023-04-21,94.62821580233313,137.82457028207037,60.806262233334046,211.32687188770595,158.17127814772343,76.5614478647691
2023-04-24,93.49750966285009,138.04816476215493,62.24696349987112,,158.12533951491693,76.89987240322627
2023-04-25,89.95937099111727,139.46716701625107,63.1068940288797,216.96511028194962,151.235208702268,76.28049859192019
2023-04-26,90.70934187480798,142.20468905838158,62.76326467002644,214.49210160870658,155.2872102815566,77.45458017365513
2023-04-27,93.49324343876468,137.0718846198675,62.19946348107053,218.199740128302,154.5734795172156,77.21610306342947
2023-04-28,94.976201832224,136.655561704697,63.026253887777045,,155.62085918524272,76.17629442492692
2023-05-01,93.86816469894421,133.68148699995686,62.159903345710035,212.9560233956138,,
2023-05-02,90.92668989550991,133.18609792171634,62.340621225265664,207.6547539379889,160.38851074865994,75.07305358839591
2023-05-03,90.71888948753117,139.45693514384712,63.81360391173066,214.08912981882003,154.4799579685451,72.56978202994051
2023-05-04,90.46628477530955,140.32676085418873,62.8037445438715,214.73843888629006,154.88877733014763,72.59140118402996
2023-05-08,88.74887353020438,142.9072716765912,63.291856287903535,212.29227866870852,158.50133582913912,71.66598597563994
2023-05-09,89.76245187655942,148.56837539135464,63.71682979484552,211.38224573544102,158.25411670950317,71.33036792454848
2023-05-10,93.11351130560554,151.9775983949617,63.618276656613425,214.8803881897317,155.30657240490922,69.97975177699799
2023-05-11,93.56470719662964,150.67693009613654,63.00271946451118,213.70539852218465,153.4929329544371,71.6997590987412
2023-05-12,93.90243126590575,146.89243162572487,64.5586309159336,207.59590426459798,152.3480537208538,70.77986159467643
2023-05-15,92.17983238969016,146.86262929738518,63.81289010823163,209.03180715326374,,70.19663641539599
2023-05-16,94.79297338478591,145.25387906635035,61.52578647888241,214.1670824356671,149.81298514829493,70.75523775680219
2023-05-17,94.68842779405095,140.88312800596373,62.33858345329881,219.14203092233208,154.3920112586204,68.83548641236021
2023-05-18,93.62988075747133,,60.86576790423554,216.77823376271985,152.60920111099654,66.8660346227869
2023-05-19,93.78659544383903,142.42806138441657,61.73235175499856,222.3675251923647,151.18177407909408,67.4022371466585
2023-05-22,94.70938301454325,147.52446984859623,63.405179032795786,223.4035353751444,152.63245567640269,66.82938872739207
2023-05-23,95.0109668769266,146.51610153771662,64.22912918012389,229.038430880174,152.15984342959226,65.6511931441936
2023-05-24,97.3409272701684,147.3955538557144,65.63113713007547,231.75797379588792,148.17573533139011,66.46969699575506
2023-05-25,98.12738658048202,145.49272025163341,68.30895198385522,224.7978329617509,148.05367279028897,65.41692114124938
2023-05-26,97.60938817825756,148.0917132539773,,232.7410146529714,147.82006946392792,65.08393292066798
2023-05-29,98.43163446907981,147.78185268048426,70.14544156586945,233.07515558024625,150.76369430765587,63.943492588522446
2023-05-30,99.45460905297186,144.37521021367948,72.46578007907613,235.85711184740714,147.89269404571732,64.3571266549588
2023-06-01,96.91577969187159,144.39406035606757,75.03798996552763,229.61140500683828,150.85740861770157,66.09744143059537
2023-06-02,99.18248418690628,,77.72250674798443,,150.6225815252214,63.66368085258703
2023-06-05,98.62526901773934,146.3810855190979,76.98858319706765,237.2347438575207,147.3452098647798,63.83259038777229
2023-06-06,98.12164258564535,149.50162788440844,74.93449952947425,246.51214224176715,143.54730364753678,64.95168860676404
2023-06-07,99.63541616370566,145.23169283779274,74.13540974109983,253.51505816686216,149.15824771675577,64.43015545425304
2023-06-08,101.16415269141417,142.84192685544033,75.20835909495061,256.4265503512967,148.74085514088313,62.99846279641012
2023-06-09,99.78663749305497,144.72683273121,75.4778441008628,248.60873382824138,151.58627994624848,63.554063283576305
2023-06-12,101.42892920230202,142.68540582313236,75.19634044632373,249.3658607410825,146.4683651635733,64.85266791172661
2023-06-13,100.33258765640309,143.42871474145113,,246.510573930846,154.2537296704465,66.03366375998868
2023-06-14,104.02397013556806,136.54486721058765,73.86210622586901,247.76766877605837,157.0711574709891,66.54332390922283
2023-06-15,102.34253920414935,144.01645643882216,74.10019230307509,241.839451522294,156.33154013193757,66.70025134992362
2023-06-19,102.87365085009391,143.2971848783823,75.78739091131777,240.91965430873233,155.436805146103,65.52764418224619
2023-06-20,101.30582012367697,146.7763151708185,76.65032985743905,238.5240307751582,157.78265159075596,66.68780450465155
2023-06-21,105.84978252362325,145.8460532683227,77.74153901022545,236.00442341224596,159.98271509419584,67.79476445897467
2023-06-22,103.27166088193655,147.1140345638616,80.25628000710886,233.55830276692188,160.63073877747695,66.27879445168205
2023-06-23,104.3960057825578,151.56252654606598,80.18221423928348,233.01712614837825,160.72994033232808,66.78845150873757
2023-06-26,102.9033299472811,155.15700167136112,79.16696041481354,234.44409860427953,162.5978378872194,67.68718880441905
2023-06-27,,154.5846120395349,81.08203300488924,222.82273470217936,156.9989323829478,68.90841970868988
2023-06-28,103.18377432721971,154.22828113599766,83.01360265125518,212.32139843835395,155.8959372858765,68.83263475360108
2023-06-29,105.75219272208341,157.38553936010473,83.97372415734931,210.96809861910586,150.8235079653749,67.67959509534786
2023-06-30,109.22804852158457,164.79287215639656,83.73797464369727,210.21802667200828,152.70757213490188,67.02700653850557
2023-07-03,105.91418321393509,165.49252558886175,83.77378041717722,211.09720561819753,150.70461694912893,65.70355848414825
2023-07-04,106.52372193188253,172.03631069132467,81.66808799065568,208.10945248612956,146.02801734884872,65.66274255960947
2023-07-05,109.67574523601903,171.27448432527294,83.51859952900908,,143.76812710977376,
2023-07-06,106.02286087085082,174.60392452616787,85.35208553187023,208.84230886475646,144.255087587757,68.19512698099004
2023-07-07,106.73190676420454,178.51908844803793,83.14712919991258,205.85770960940863,143.72068485677048,69.4426574584936
2023-07-10,106.77015137347088,177.12678057446726,84.6232103911632,210.11260657833128,140.40603584854512,70.81699440744748
2023-07-11,107.69807327945952,174.55108058620792,85.34098726274456,210.94039272553275,135.67472142265157,71.51291653934813
2023-07-12,106.07763939849865,178.6194794294964,83.63079806689535,213.33229264827526,135.9296075169079,71.01616258177116
2023-07-13,103.07432932679964,176.79199875291835,81.64707520043157,213.71136591921118,134.40510774373612,70.65342628502763
2023-07-14,99.17171582440798,173.70043737949186,82.2896266915857,222.78842751163538,133.76512247451646,70.42186773512817
2023-07-17,101.14797795010286,171.3938362621964,81.66800408092017,225.53495018666544,133.3914223502715,70.71515125489242
2023-07-18,103.42188389553986,169.6263773001826,84.67330308562767,223.42397320149564,134.59212039353886,71.29384135527016
2023-07-19,104.08933842951296,172.60032497492318,86.3203654586417,227.18181645422504,136.92580375235835,71.32336930760097
2023-07-20,103.01899119803976,174.44729576058162,,219.83200798516316,137.3817918758263,70.9373694049286
2023-07-21,99.71610778225973,177.0139675886214,88.11951395275496,220.44578010631048,136.5562302062751,70.12284435370721
2023-07-24,100.87948656252858,178.57657542014115,90.50026913972862,221.9411092009187,136.67848500653628,68.19776364982032
2023-07-25,98.69891737972893,176.52708719989027,92.06867155004399,222.61146350988102,135.80582850567376,69.97551453469934
2023-07-26,97.33430886272971,179.05884876741447,93.02575566021653,221.21444803676258,131.39878445597765,73.09016606773054
2023-07-27,96.23138640051599,183.3650487251728,91.23917522909164,216.82434397807685,134.32095196173623,74.87259662394129
2023-07-28,95.88969718244104,185.58194395873764,96.86306121356095,213.48808075448798,136.80169570349273,73.01715540792321
2023-07-31,94.47236988867277,187.32513708160423,94.76465325902853,214.00931154604635,142.29656562070858,74.19567649356797
2023-08-01,94.57337742441234,184.52629532458857,94.21019903813365,209.32884558416083,148.8436286312003,75.74455026970219
2023-08-02,93.43505763891815,185.38182226011116,91.13003751225664,216.8235199918727,145.40230400609587,75.1636839489317
2023-08-03,94.78308831676648,,92.14850345566508,205.45807478439605,144.48510650396747,75.92874087279631
2023-08-04,96.77554809682664,182.40012352208848,92.46385487009387,204.21119958274812,151.80050186942336,75.26618207482781
2023-08-07,97.02434385535635,176.48938681942013,93.91604860269113,204.743740075055,151.7381099942412,77.59782150972042
2023-08-08,97.96087392570968,170.79739794432857,90.68709157545074,206.90346274222387,152.53992725408753,78.19590039046243
2023-08-09,102.14939866876227,170.21310793698174,92.74188997553317,203.1960641736843,147.96028218147907,76.79282276170228
2023-08-10,99.79464407692146,168.41416075900432,91.28132502821447,207.88702735396947,148.46420126108703,77.85226898190264
2023-08-11,97.37269173160254,168.84121593468316,91.04580971754523,202.17499431827207,154.26006663404453,79.53197944520345
2023-08-14,98.76511713522433,168.45366260570532,92.77854125076561,199.96672343229645,158.29127032469117,79.87894828509319
2023-08-15,102.64963380919596,,93.30045150388956,202.52928721582603,156.42348202044712,80.67684582641678
2023-08-16,102.155892022903,170.74270947011834,,206.82367190266294,155.2461876924488,80.59656683163223
2023-08-17,105.72487941025607,169.22901061984794,95.49653412106795,201.09878730195123,151.79692698612558,
2023-08-18,105.97107822783065,168.55397704146972,96.35369313427044,211.81750063530268,149.2735667758447,78.59280973300788
2023-08-21,104.57037947053581,173.52639090781577,95.73489448816707,208.1001392405298,143.6303932444006,79.44638994402763
2023-08-22,,,95.4544503574196,202.72207217057573,143.44419173717355,79.27474305046307
2023-08-23,103.87208687726672,173.05370553089918,95.89712739382588,204.8413890908696,147.83390153219423,80.57606241665276
2023-08-24,102.01286155646028,173.40850958053622,,203.49642734964831,148.9439328541646,79.9762839225451
2023-08-25,102.21949236726165,172.91823387590884,96.13238436407647,201.5589284529808,153.0733705949902,79.48588402125999
2023-08-28,105.49759998573006,170.5334414153642,96.72581713031383,204.04069958402476,,80.83892453023437
2023-08-29,104.89250712231217,167.19770553654087,96.9091633695001,197.88970624092727,,81.22994647730013
2023-08-30,107.69105908871852,164.71170525060015,99.25920391198287,191.23216459555223,152.4831460596374,80.5935560158747
2023-08-31,105.11822601799511,,99.0604599014651,189.0237261954645,150.34476951569454,82.29215446789831
2023-09-01,104.03780175669662,165.60813885657225,98.73866992795364,,145.24188176584704,81.1915204079026
2023-09-04,101.15149345254996,165.16124661265084,97.82113340459323,191.1110004336568,145.39389259553653,80.04355519123455
2023-09-05,101.33962866760892,167.54200067928124,98.53144593089223,197.29977351043894,,75.54598977192744
2023-09-06,102.96122118035962,166.67617320497058,99.17869921269347,202.11789222708128,138.6815770477464,74.73920612174018
2023-09-07,103.15723275597031,168.85416847853674,97.89674668612771,203.34250911249904,,76.72535071660751
2023-09-08,105.73007742186408,163.71832358638457,97.58799213949975,204.80545215555696,140.3019988319252,73.57609319421333
2023-09-11,104.1881538705414,163.34990274338244,96.33964211644653,206.04248783893178,143.3241495773683,72.20475233247194
2023-09-12,104.69939004198898,163.6729960986038,95.02004248169796,206.78307759746025,143.95132054348423,72.86769096010545
2023-09-13,103.63675546904115,163.8142089797507,91.77055118949698,205.35113912151812,148.7062391956382,69.625272869957
2023-09-14,104.42786992807734,158.46430328345627,91.38344418485953,204.405752446298,150.61546614192014,68.94197237270646
2023-09-15,105.52172272228769,162.3406971505331,88.30891534270246,200.11339452935923,148.39501206914167,70.542616367489
2023-09-18,106.79303991145697,159.63066939494612,87.52682388355494,191.34825659477113,,73.45324112141029
2023-09-19,104.54911664957807,160.76416567426023,86.48929028582583,195.65003562228196,141.1259031996282,73.90901343731088
2023-09-20,102.73049291655407,,88.34343914110157,196.34364801170983,138.63590474551395,72.56909177667764
2023-09-21,101.32454864536967,164.14743581315312,86.58551989088997,196.4465766753521,137.63496347858487,71.20460600234046
2023-09-22,100.8809887856748,171.3945084317122,85.30199972158576,198.09063462931678,139.193744429992,
2023-09-25,101.0972501944893,167.03983850456572,84.68522508117243,194.88791533226083,137.1605107030225,71.86946322553642
2023-09-26,102.56940635681391,164.93876504134496,83.73650725706639,191.06397194070593,133.7966107348628,74.56877786476008
2023-09-27,100.87065451689243,165.6285141956095,86.06313414559102,190.0563590424236,128.7992219536285,76.04644000388355
2023-09-28,97.68108548963217,162.03320504833863,84.13778586803801,195.33269791115052,127.31437939532327,76.20477855958809
2023-09-29,101.93166456820587,164.63280942836076,83.5329958925244,190.84496422521468,132.33273487729582,75.72437258088789
2023-10-02,99.66581943851662,167.47559863574568,84.12117719277141,180.89405833015766,133.1031946786947,80.32040538390356
2023-10-03,101.37274354965649,169.41647025336968,85.63734926643563,179.08004876315235,135.6576563853423,81.35910051299945
2023-10-04,101.47668482965493,170.28585374466718,85.02034662752605,183.24437591707857,133.26993449143765,80.30346339554073
2023-10-05,102.02730876974726,175.018808658928,81.79280490815803,176.96809469761183,129.1293715361464,79.9748248064504
2023-10-06,102.06495581450179,171.0436922812399,81.57997312388062,172.86143112406359,126.02748397406799,78.60332895422623
2023-10-09,101.32020440329752,171.3353840205509,83.81857404812106,173.84171703140169,125.83307118160268,74.85465833846499
2023-10-10,102.30092781592424,168.87225670957156,84.32515239984342,182.8463947513765,120.86485727593907,
2023-10-11,101.44449062448429,171.94544919951508,84.75760190627429,177.9526511712917,,78.06906254273824
2023-10-12,103.85136818288154,165.70953397785448,82.989527832051,173.05206972999457,117.13792707936848,75.55436872372019
2023-10-13,,165.68274250585142,81.08795294547797,174.29353963272246,114.09017320662153,75.66809708212315
2023-10-16,106.37563564095166,166.85988090420997,81.14964733376617,178.56259649360695,109.28998201025317,74.62856153184399
2023-10-17,105.33927513797396,163.76465636058367,78.8671042625506,176.40520780138047,109.96682295238821,75.43679262282676
2023-10-18,104.88346211442152,161.77920631426414,80.13112662141327,170.7553224237275,110.111696422733,75.20696665396608
2023-10-19,102.43356733805837,161.89367798479586,78.80632471663273,172.30492431396678,111.87134710707672,73.19133773978055
2023-10-20,101.75132688463331,165.05091676994462,78.79898425308028,174.49265029224003,109.43159915729443,71.7844484091675
2023-10-23,99.68256791726901,161.70741687501743,75.85857349206361,180.7696922920677,111.13856301711098,70.62110887448466
2023-10-24,102.34024177413993,158.99574539427738,75.29145196188776,183.21712271592497,114.5823118541441,72.54810216859879
2023-10-25,102.48461482257247,162.63861702569994,73.53586529431747,186.3247272436436,115.22904818332402,74.45359153253057
2023-10-26,102.87507553773014,161.81574564201023,70.15033815393673,185.42237468595238,113.86949222936632,74.01975360091147
2023-10-27,102.45298624778141,159.36411075030128,70.93860640505787,194.55073429444928,114.24544522409654,75.86699565464026
2023-10-30,102.89881845395621,161.75038048911614,73.29541325945036,193.07937817789795,112.7881591391288,75.63456370108365
2023-10-31,108.01263790860453,160.23575964019258,74.98043609468611,190.79361907525941,110.97388590119968,75.17067762230863
2023-11-01,107.40746408657053,163.5924473477627,76.03269757333747,197.77481452438627,112.53475666567118,75.28661762892865
2023-11-02,106.05324277886415,161.486291510208,75.4333756619444,192.02258436222652,112.26681069030673,75.74560291283603
2023-11-03,,161.03543934812578,76.67936941925593,185.00451074858148,115.01756232637456,74.93445113959407
2023-11-06,101.84595574236792,164.14333207001314,78.58692699759109,185.52088395971987,114.04584107650625,74.99719486783361
2023-11-07,102.01696892644796,163.46620513661068,78.83340991119123,185.58864908664125,113.31326857280814,76.20813333337682
2023-11-08,101.2993552399227,166.00337496748782,76.99760025622845,184.81701609349452,112.07472962919502,76.4360560686416
2023-11-09,99.3294611011091,165.85215383854103,76.25937144438743,188.56484553828705,109.60867440052728,76.53203361718015
2023-11-10,100.37789880078947,172.4918517867891,78.88680647220478,185.21515630689913,111.43787854101046,77.31905876607267
2023-11-13,,177.97287905680773,78.8004346202379,185.52693685346867,116.3538751125657,78.38096809156357
2023-11-14,96.94285058241076,173.31676589863204,73.59211087938367,184.2649605414968,115.51094425499579,78.31416270918567
2023-11-15,95.7280994272422,,71.45952415550052,181.05425969059294,113.9850540523859,77.6027865251167
2023-11-16,90.2366164049425,172.40582266396225,,180.90275318205508,112.33153332246955,77.92748171111391
2023-11-17,90.80198366356058,173.13512321959618,72.37825923790574,184.05985284667892,110.84935642166691,75.47438111571867
2023-11-20,91.352787440328,173.4411244154887,72.01184813307742,191.9397059117735,114.55124536133074,75.18709241925143
2023-11-21,89.93995831075117,169.8495506464943,73.55928431642353,194.24075197768477,112.95100909334823,71.50057919129631
2023-11-22,90.94748858951321,173.5131529484506,72.81462550692613,184.56431870319366,111.67405998199938,69.13277776057832
2023-11-23,88.6510670107387,174.2880729044774,69.98316686927608,184.49735845297855,108.94842170291946,66.63544486213779
2023-11-24,86.97287212487933,173.36545098011976,69.3231400042513,184.7549270636629,109.63185248054822,68.05791402579253
2023-11-27,87.73334633193856,171.91573501533557,69.82912267297219,188.2882135801141,109.52829519273907,68.10416865598613
2023-11-28,86.56005889206222,172.46509851925327,70.22288958360902,189.05948089968604,107.08104145795576,66.41239433286357
2023-11-29,86.48621111924142,173.94114112534237,68.48823288161084,193.87327149657153,105.2117714120328,67.09121672501215
2023-11-30,85.54584822802612,173.57594896394863,68.03457202963801,195.46951007713832,108.47950882801089,68.44465385052882
2023-12-01,84.87699748073858,163.8122338944055,71.71479911496354,201.641647780248,108.59386305824013,69.16809406963905
2023-12-04,84.2875705026813,,69.97461251195698,199.95291543385213,108.85814880162798,
2023-12-05,83.12986933083691,159.27253777600515,70.92727962706547,200.61013454222174,109.1317176572716,69.28280872966059
2023-12-06,83.66597338324738,158.6690459576231,67.98142046772165,204.00703198869374,112.219327626413,70.55968609067605
2023-12-08,82.6487148114139,154.2752961628978,69.18304894036174,201.75400252144732,109.91835029816157,69.92571318501565
2023-12-11,82.70770403203488,149.96639443804438,67.9760463371352,198.64693922519507,109.09089480541328,69.99545278847857
2023-12-12,81.53535262921007,153.73091632240696,68.54988415709447,196.22602063493096,108.76587985161956,69.66340409736847
2023-12-13,79.06597517944637,152.80824801817522,66.80662550301466,193.36419906040686,105.06528214322071,67.44334864859881
2023-12-14,80.5404532249337,,67.22196603517403,195.46244008582153,103.18221491762326,68.70665453540637
2023-12-15,81.37731200177706,153.1813331854982,66.02722963522447,188.36790397062728,105.38345234313765,71.56110254349163
2023-12-18,85.13479882228619,152.1072547109694,65.10938751553881,182.581354882243,107.0278841792972,70.33913285465718
2023-12-19,83.39128438763144,158.56818099520808,65.71098003388143,189.45644299173063,109.07654103250245,71.72155036656345
2023-12-20,83.07613123288883,157.76576333092473,65.17164339696704,186.7847406573126,107.8350531723196,70.54245700103998
2023-12-21,82.89584359850228,158.98095542291748,65.69351373628534,187.60664899565003,106.87382177398231,70.75801755854711
2023-12-22,84.56929422028115,162.1317714155245,65.4690504060249,182.09421626872967,103.09462344195386,72.92039994451696
2023-12-25,83.74540680396271,167.3921471985684,65.58361297058063,182.5098436507363,105.05741010558364,72.19055572526455
2023-12-26,81.81751743743582,164.97498405180295,,179.95833169814918,107.40366201248544,72.19822753922342
2023-12-27,83.8266436275329,163.66190359782334,65.75675144539045,174.40449546315153,109.77496510005118,69.62580036514946
2023-12-28,83.32930010183334,167.8994110116796,64.47311418186155,179.13755594909378,113.34065631344643,68.72873550423022
2023-12-29,84.82696679596386,170.6867504507485,63.81250683750036,183.44604965337035,114.34283387640565,66.13591327407548
